Workbook
Name NativeTimeline_First_Purchase: #N/A
Name Slicer_Favorite_Product: #N/A
Name Slicer_Priority: #N/A
Name Slicer_Segment: #N/A

Sheet index_1
A1: date | B1: datetime | C1: cash_type | D1: card | E1: money | F1: coffee_name
A2: 45352 | B2: 45352.428 | C2: card | D2: ANON-0000-0000-0001 | E2: 38.7 | F2: Latte
A3: 45355 | B3: 45355.419 | C3: card | D3: ANON-0000-0000-0001 | E3: 38.7 | F3: Latte
A4: 45356 | B4: 45356.417 | C4: card | D4: ANON-0000-0000-0001 | E4: 38.7 | F4: Latte
A5: 45384 | B5: 45384.418 | C5: card | D5: ANON-0000-0000-0001 | E5: 38.7 | F5: Latte
A6: 45401 | B6: 45401.424 | C6: card | D6: ANON-0000-0000-0001 | E6: 38.7 | F6: Latte
A7: 45403 | B7: 45403.47 | C7: card | D7: ANON-0000-0000-0001 | E7: 37.72 | F7: Latte
A8: 45406 | B8: 45406.43 | C8: card | D8: ANON-0000-0000-0001 | E8: 37.72 | F8: Latte
A9: 45408 | B9: 45408.426 | C9: card | D9: ANON-0000-0000-0001 | E9: 37.72 | F9: Latte
A10: 45410 | B10: 45410.439 | C10: card | D10: ANON-0000-0000-0001 | E10: 37.72 | F10: Latte
A11: 45420 | B11: 45420.422 | C11: card | D11: ANON-0000-0000-0001 | E11: 37.72 | F11: Latte
A12: 45424 | B12: 45424.431 | C12: card | D12: ANON-0000-0000-0001 | E12: 37.72 | F12: Latte
A13: 45432 | B13: 45432.458 | C13: card | D13: ANON-0000-0000-0001 | E13: 37.72 | F13: Latte
... A3548: 45739 | B3548: 45739.658 | C3548: card | D3548: ANON-0000-0000-1316 | E3548: 25.96 | F3548: Americano
A3549: 45353 | B3549: 45353.438 | C3549: cash | E3549: 40 | F3549: Latte
A3550: 45354 | B3550: 45354.424 | C3550: cash | E3550: 40 | F3550: Latte
A3551: 45357 | B3551: 45357.521 | C3551: cash | E3551: 35 | F3551: Americano with Milk
A3552: 45358 | B3552: 45358.423 | C3552: cash | E3552: 40 | F3552: Latte
A3553: 45358 | B3553: 45358.476 | C3553: cash | E3553: 40 | F3553: Latte
A3554: 45360 | B3554: 45360.493 | C3554: cash | E3554: 40 | F3554: Hot Chocolate
A3555: 45361 | B3555: 45361.322 | C3555: cash | E3555: 30 | F3555: Americano
A3556: 45361 | B3556: 45361.323 | C3556: cash | E3556: 35 | F3556: Americano with Milk
A3557: 45361 | B3557: 45361.421 | C3557: cash | E3557: 40 | F3557: Latte
A3558: 45361 | B3558: 45361.744 | C3558: cash | E3558: 35 | F3558: Americano with Milk
A3559: 45362 | B3559: 45362.43 | C3559: cash | E3559: 40 | F3559: Latte
A3560: 45362 | B3560: 45362.475 | C3560: cash | E3560: 40 | F3560: Cappuccino
... A3637: 45446 | B3637: 45446.905 | C3637: cash | E3637: 34 | F3637: Americano with Milk

Sheet working sheet
A1: date | B1: datetime | C1: cash_type | D1: card | E1: Price | F1: coffee_name
A2: 45352 | B2: 45352.428 | C2: card | D2: ANON-0000-0000-0001 | E2: 38.7 | F2: Latte
A3: 45355 | B3: 45355.419 | C3: card | D3: ANON-0000-0000-0001 | E3: 38.7 | F3: Latte
A4: 45356 | B4: 45356.417 | C4: card | D4: ANON-0000-0000-0001 | E4: 38.7 | F4: Latte
A5: 45384 | B5: 45384.418 | C5: card | D5: ANON-0000-0000-0001 | E5: 38.7 | F5: Latte
A6: 45401 | B6: 45401.424 | C6: card | D6: ANON-0000-0000-0001 | E6: 38.7 | F6: Latte
A7: 45403 | B7: 45403.47 | C7: card | D7: ANON-0000-0000-0001 | E7: 37.72 | F7: Latte
A8: 45406 | B8: 45406.43 | C8: card | D8: ANON-0000-0000-0001 | E8: 37.72 | F8: Latte
A9: 45408 | B9: 45408.426 | C9: card | D9: ANON-0000-0000-0001 | E9: 37.72 | F9: Latte
A10: 45410 | B10: 45410.439 | C10: card | D10: ANON-0000-0000-0001 | E10: 37.72 | F10: Latte
A11: 45420 | B11: 45420.422 | C11: card | D11: ANON-0000-0000-0001 | E11: 37.72 | F11: Latte
A12: 45424 | B12: 45424.431 | C12: card | D12: ANON-0000-0000-0001 | E12: 37.72 | F12: Latte
A13: 45432 | B13: 45432.458 | C13: card | D13: ANON-0000-0000-0001 | E13: 37.72 | F13: Latte
... A3548: 45739 | B3548: 45739.658 | C3548: card | D3548: ANON-0000-0000-1316 | E3548: 25.96 | F3548: Americano

Sheet Customer Portfolio
A1: Customer ID | B1: First Purchase | C1: Last Purchase | D1: Total Visits | E1: Total Spent | F1: Avg Spend/Visit | G1: Favorite Product | H1: Days Active | I1: Recency (Days) | J1: Segment | K1: Priority
A2: ANON-0000-0000-0001 | B2: =_xlfn.MINIFS('working sheet'!$B$2:$B$3548, 'working sheet'!$D$2:$D$3548, A2) -> 45352.428 | C2: =_xlfn.MAXIFS('working sheet'!$B$1:$B$3548,'working sheet'!$D$1:$D$3548,'Customer Portfolio'!A2) -> 45449.442 | D2: =COUNTIFS('working sheet'!$D$1:$D$3548,'Customer Portfolio'!A2) -> 17 | E2: =SUMIFS('working sheet'!$E$2:$E$3548,'working sheet'!$D$2:$D$3548,'Customer Portfolio'!A2) -> 646.14 | F2: =E2/D2 -> 38.008235 | G2: {=IFERROR(INDEX('working sheet'!$F$2:$F$3548, MODE(IF('working sheet'!$D$2:$D$3548=A2, MATCH('working sheet'!$F$2:$F$3548, 'working sheet'!$F$2:$F$3548, 0)))), INDEX('working sheet'!$F$2:$F$3548, MATCH(A2, 'working sheet'!$D$2:$D$3548, 0)))} -> Latte | H2: =C2-B2+1 -> 98.01411 | I2: =MAX('working sheet'!$B$2:$B$3548)-C2 -> 290.31631 | J2: {=IF(AND(I2<=30, D2>=10, E2>=200), "VIP", IF(AND(I2<=60, D2>=5, E2>=100), "Loyal", IF(AND(I2<=90, D2>=3), "Regular", IF(I2<=30, "Recent", IF(D2>=3, "Occasional", "At Risk")))))} -> Occasional | K2: {=IF(OR(J2="VIP", J2="Loyal"), "HIGH",IF(OR(J2="Regular", J2="Recent"), "MEDIUM","LOW"))} -> LOW
A3: ANON-0000-0000-0002 | B3: =_xlfn.MINIFS('working sheet'!$B$2:$B$3548, 'working sheet'!$D$2:$D$3548, A3) -> 45352.513 | C3: =_xlfn.MAXIFS('working sheet'!$B$1:$B$3548,'working sheet'!$D$1:$D$3548,'Customer Portfolio'!A3) -> 45352.514 | D3: =COUNTIFS('working sheet'!$D$1:$D$3548,'Customer Portfolio'!A3) -> 2 | E3: =SUMIFS('working sheet'!$E$2:$E$3548,'working sheet'!$D$2:$D$3548,'Customer Portfolio'!A3) -> 77.4 | F3: =E3/D3 -> 38.7 | G3: {=IFERROR(INDEX('working sheet'!$F$2:$F$3548, MODE(IF('working sheet'!$D$2:$D$3548=A3, MATCH('working sheet'!$F$2:$F$3548, 'working sheet'!$F$2:$F$3548, 0)))), INDEX('working sheet'!$F$2:$F$3548, MATCH(A3, 'working sheet'!$D$2:$D$3548, 0)))} -> Hot Chocolate | H3: =C3-B3+1 -> 1.0006429 | I3: =MAX('working sheet'!$B$2:$B$3548)-C3 -> 387.24399 | J3: {=IF(AND(I3<=30, D3>=10, E3>=200), "VIP", IF(AND(I3<=60, D3>=5, E3>=100), "Loyal", IF(AND(I3<=90, D3>=3), "Regular", IF(I3<=30, "Recent", IF(D3>=3, "Occasional", "At Risk")))))} -> At Risk | K3: {=IF(OR(J3="VIP", J3="Loyal"), "HIGH",IF(OR(J3="Regular", J3="Recent"), "MEDIUM","LOW"))} -> LOW
A4: ANON-0000-0000-0003 | B4: =_xlfn.MINIFS('working sheet'!$B$2:$B$3548, 'working sheet'!$D$2:$D$3548, A4) -> 45352.574 | C4: =_xlfn.MAXIFS('working sheet'!$B$1:$B$3548,'working sheet'!$D$1:$D$3548,'Customer Portfolio'!A4) -> 45583.399 | D4: =COUNTIFS('working sheet'!$D$1:$D$3548,'Customer Portfolio'!A4) -> 31 | E4: =SUMIFS('working sheet'!$E$2:$E$3548,'working sheet'!$D$2:$D$3548,'Customer Portfolio'!A4) -> 867.48 | F4: =E4/D4 -> 27.983226 | G4: {=IFERROR(INDEX('working sheet'!$F$2:$F$3548, MODE(IF('working sheet'!$D$2:$D$3548=A4, MATCH('working sheet'!$F$2:$F$3548, 'working sheet'!$F$2:$F$3548, 0)))), INDEX('working sheet'!$F$2:$F$3548, MATCH(A4, 'working sheet'!$D$2:$D$3548, 0)))} -> Americano | H4: =C4-B4+1 -> 231.82471 | I4: =MAX('working sheet'!$B$2:$B$3548)-C4 -> 156.35938 | J4: {=IF(AND(I4<=30, D4>=10, E4>=200), "VIP", IF(AND(I4<=60, D4>=5, E4>=100), "Loyal", IF(AND(I4<=90, D4>=3), "Regular", IF(I4<=30, "Recent", IF(D4>=3, "Occasional", "At Risk")))))} -> Occasional | K4: {=IF(OR(J4="VIP", J4="Loyal"), "HIGH",IF(OR(J4="Regular", J4="Recent"), "MEDIUM","LOW"))} -> LOW
A5: ANON-0000-0000-0004 | B5: =_xlfn.MINIFS('working sheet'!$B$2:$B$3548, 'working sheet'!$D$2:$D$3548, A5) -> 45352.575 | C5: =_xlfn.MAXIFS('working sheet'!$B$1:$B$3548,'working sheet'!$D$1:$D$3548,'Customer Portfolio'!A5) -> 45569.396 | D5: =COUNTIFS('working sheet'!$D$1:$D$3548,'Customer Portfolio'!A5) -> 12 | E5: =SUMIFS('working sheet'!$E$2:$E$3548,'working sheet'!$D$2:$D$3548,'Customer Portfolio'!A5) -> 371.3 | F5: =E5/D5 -> 30.941667 | G5: {=IFERROR(INDEX('working sheet'!$F$2:$F$3548, MODE(IF('working sheet'!$D$2:$D$3548=A5, MATCH('working sheet'!$F$2:$F$3548, 'working sheet'!$F$2:$F$3548, 0)))), INDEX('working sheet'!$F$2:$F$3548, MATCH(A5, 'working sheet'!$D$2:$D$3548, 0)))} -> Americano with Milk | H5: =C5-B5+1 -> 217.82092 | I5: =MAX('working sheet'!$B$2:$B$3548)-C5 -> 170.362 | J5: {=IF(AND(I5<=30, D5>=10, E5>=200), "VIP", IF(AND(I5<=60, D5>=5, E5>=100), "Loyal", IF(AND(I5<=90, D5>=3), "Regular", IF(I5<=30, "Recent", IF(D5>=3, "Occasional", "At Risk")))))} -> Occasional | K5: {=IF(OR(J5="VIP", J5="Loyal"), "HIGH",IF(OR(J5="Regular", J5="Recent"), "MEDIUM","LOW"))} -> LOW
A6: ANON-0000-0000-0005 | B6: =_xlfn.MINIFS('working sheet'!$B$2:$B$3548, 'working sheet'!$D$2:$D$3548, A6) -> 45352.653 | C6: =_xlfn.MAXIFS('working sheet'!$B$1:$B$3548,'working sheet'!$D$1:$D$3548,'Customer Portfolio'!A6) -> 45352.653 | D6: =COUNTIFS('working sheet'!$D$1:$D$3548,'Customer Portfolio'!A6) -> 1 | E6: =SUMIFS('working sheet'!$E$2:$E$3548,'working sheet'!$D$2:$D$3548,'Customer Portfolio'!A6) -> 33.8 | F6: =E6/D6 -> 33.8 | G6: {=IFERROR(INDEX('working sheet'!$F$2:$F$3548, MODE(IF('working sheet'!$D$2:$D$3548=A6, MATCH('working sheet'!$F$2:$F$3548, 'working sheet'!$F$2:$F$3548, 0)))), INDEX('working sheet'!$F$2:$F$3548, MATCH(A6, 'working sheet'!$D$2:$D$3548, 0)))} -> Americano with Milk | H6: =C6-B6+1 -> 1 | I6: =MAX('working sheet'!$B$2:$B$3548)-C6 -> 387.10545 | J6: {=IF(AND(I6<=30, D6>=10, E6>=200), "VIP", IF(AND(I6<=60, D6>=5, E6>=100), "Loyal", IF(AND(I6<=90, D6>=3), "Regular", IF(I6<=30, "Recent", IF(D6>=3, "Occasional", "At Risk")))))} -> At Risk | K6: {=IF(OR(J6="VIP", J6="Loyal"), "HIGH",IF(OR(J6="Regular", J6="Recent"), "MEDIUM","LOW"))} -> LOW
A7: ANON-0000-0000-0006 | B7: =_xlfn.MINIFS('working sheet'!$B$2:$B$3548, 'working sheet'!$D$2:$D$3548, A7) -> 45352.68 | C7: =_xlfn.MAXIFS('working sheet'!$B$1:$B$3548,'working sheet'!$D$1:$D$3548,'Customer Portfolio'!A7) -> 45352.68 | D7: =COUNTIFS('working sheet'!$D$1:$D$3548,'Customer Portfolio'!A7) -> 1 | E7: =SUMIFS('working sheet'!$E$2:$E$3548,'working sheet'!$D$2:$D$3548,'Customer Portfolio'!A7) -> 38.7 | F7: =E7/D7 -> 38.7 | G7: {=IFERROR(INDEX('working sheet'!$F$2:$F$3548, MODE(IF('working sheet'!$D$2:$D$3548=A7, MATCH('working sheet'!$F$2:$F$3548, 'working sheet'!$F$2:$F$3548, 0)))), INDEX('working sheet'!$F$2:$F$3548, MATCH(A7, 'working sheet'!$D$2:$D$3548, 0)))} -> Hot Chocolate | H7: =C7-B7+1 -> 1 | I7: =MAX('working sheet'!$B$2:$B$3548)-C7 -> 387.07819 | J7: {=IF(AND(I7<=30, D7>=10, E7>=200), "VIP", IF(AND(I7<=60, D7>=5, E7>=100), "Loyal", IF(AND(I7<=90, D7>=3), "Regular", IF(I7<=30, "Recent", IF(D7>=3, "Occasional", "At Risk")))))} -> At Risk | K7: {=IF(OR(J7="VIP", J7="Loyal"), "HIGH",IF(OR(J7="Regular", J7="Recent"), "MEDIUM","LOW"))} -> LOW
A8: ANON-0000-0000-0007 | B8: =_xlfn.MINIFS('working sheet'!$B$2:$B$3548, 'working sheet'!$D$2:$D$3548, A8) -> 45352.777 | C8: =_xlfn.MAXIFS('working sheet'!$B$1:$B$3548,'working sheet'!$D$1:$D$3548,'Customer Portfolio'!A8) -> 45352.777 | D8: =COUNTIFS('working sheet'!$D$1:$D$3548,'Customer Portfolio'!A8) -> 1 | E8: =SUMIFS('working sheet'!$E$2:$E$3548,'working sheet'!$D$2:$D$3548,'Customer Portfolio'!A8) -> 33.8 | F8: =E8/D8 -> 33.8 | G8: {=IFERROR(INDEX('working sheet'!$F$2:$F$3548, MODE(IF('working sheet'!$D$2:$D$3548=A8, MATCH('working sheet'!$F$2:$F$3548, 'working sheet'!$F$2:$F$3548, 0)))), INDEX('working sheet'!$F$2:$F$3548, MATCH(A8, 'working sheet'!$D$2:$D$3548, 0)))} -> Americano with Milk | H8: =C8-B8+1 -> 1 | I8: =MAX('working sheet'!$B$2:$B$3548)-C8 -> 386.98096 | J8: {=IF(AND(I8<=30, D8>=10, E8>=200), "VIP", IF(AND(I8<=60, D8>=5, E8>=100), "Loyal", IF(AND(I8<=90, D8>=3), "Regular", IF(I8<=30, "Recent", IF(D8>=3, "Occasional", "At Risk")))))} -> At Risk | K8: {=IF(OR(J8="VIP", J8="Loyal"), "HIGH",IF(OR(J8="Regular", J8="Recent"), "MEDIUM","LOW"))} -> LOW
A9: ANON-0000-0000-0008 | B9: =_xlfn.MINIFS('working sheet'!$B$2:$B$3548, 'working sheet'!$D$2:$D$3548, A9) -> 45352.807 | C9: =_xlfn.MAXIFS('working sheet'!$B$1:$B$3548,'working sheet'!$D$1:$D$3548,'Customer Portfolio'!A9) -> 45352.808 | D9: =COUNTIFS('working sheet'!$D$1:$D$3548,'Customer Portfolio'!A9) -> 2 | E9: =SUMIFS('working sheet'!$E$2:$E$3548,'working sheet'!$D$2:$D$3548,'Customer Portfolio'!A9) -> 72.5 | F9: =E9/D9 -> 36.25 | G9: {=IFERROR(INDEX('working sheet'!$F$2:$F$3548, MODE(IF('working sheet'!$D$2:$D$3548=A9, MATCH('working sheet'!$F$2:$F$3548, 'working sheet'!$F$2:$F$3548, 0)))), INDEX('working sheet'!$F$2:$F$3548, MATCH(A9, 'working sheet'!$D$2:$D$3548, 0)))} -> Cocoa | H9: =C9-B9+1 -> 1.0008579 | I9: =MAX('working sheet'!$B$2:$B$3548)-C9 -> 386.95026 | J9: {=IF(AND(I9<=30, D9>=10, E9>=200), "VIP", IF(AND(I9<=60, D9>=5, E9>=100), "Loyal", IF(AND(I9<=90, D9>=3), "Regular", IF(I9<=30, "Recent", IF(D9>=3, "Occasional", "At Risk")))))} -> At Risk | K9: {=IF(OR(J9="VIP", J9="Loyal"), "HIGH",IF(OR(J9="Regular", J9="Recent"), "MEDIUM","LOW"))} -> LOW
A10: ANON-0000-0000-0009 | B10: =_xlfn.MINIFS('working sheet'!$B$2:$B$3548, 'working sheet'!$D$2:$D$3548, A10) -> 45352.812 | C10: =_xlfn.MAXIFS('working sheet'!$B$1:$B$3548,'working sheet'!$D$1:$D$3548,'Customer Portfolio'!A10) -> 45514.671 | D10: =COUNTIFS('working sheet'!$D$1:$D$3548,'Customer Portfolio'!A10) -> 67 | E10: =SUMIFS('working sheet'!$E$2:$E$3548,'working sheet'!$D$2:$D$3548,'Customer Portfolio'!A10) -> 2343.98 | F10: =E10/D10 -> 34.984776 | G10: {=IFERROR(INDEX('working sheet'!$F$2:$F$3548, MODE(IF('working sheet'!$D$2:$D$3548=A10, MATCH('working sheet'!$F$2:$F$3548, 'working sheet'!$F$2:$F$3548, 0)))), INDEX('working sheet'!$F$2:$F$3548, MATCH(A10, 'working sheet'!$D$2:$D$3548, 0)))} -> Latte | H10: =C10-B10+1 -> 162.85897 | I10: =MAX('working sheet'!$B$2:$B$3548)-C10 -> 225.08711 | J10: {=IF(AND(I10<=30, D10>=10, E10>=200), "VIP", IF(AND(I10<=60, D10>=5, E10>=100), "Loyal", IF(AND(I10<=90, D10>=3), "Regular", IF(I10<=30, "Recent", IF(D10>=3, "Occasional", "At Risk")))))} -> Occasional | K10: {=IF(OR(J10="VIP", J10="Loyal"), "HIGH",IF(OR(J10="Regular", J10="Recent"), "MEDIUM","LOW"))} -> LOW
A11: ANON-0000-0000-0010 | B11: =_xlfn.MINIFS('working sheet'!$B$2:$B$3548, 'working sheet'!$D$2:$D$3548, A11) -> 45353.432 | C11: =_xlfn.MAXIFS('working sheet'!$B$1:$B$3548,'working sheet'!$D$1:$D$3548,'Customer Portfolio'!A11) -> 45353.432 | D11: =COUNTIFS('working sheet'!$D$1:$D$3548,'Customer Portfolio'!A11) -> 1 | E11: =SUMIFS('working sheet'!$E$2:$E$3548,'working sheet'!$D$2:$D$3548,'Customer Portfolio'!A11) -> 28.9 | F11: =E11/D11 -> 28.9 | G11: {=IFERROR(INDEX('working sheet'!$F$2:$F$3548, MODE(IF('working sheet'!$D$2:$D$3548=A11, MATCH('working sheet'!$F$2:$F$3548, 'working sheet'!$F$2:$F$3548, 0)))), INDEX('working sheet'!$F$2:$F$3548, MATCH(A11, 'working sheet'!$D$2:$D$3548, 0)))} -> Americano | H11: =C11-B11+1 -> 1 | I11: =MAX('working sheet'!$B$2:$B$3548)-C11 -> 386.32606 | J11: {=IF(AND(I11<=30, D11>=10, E11>=200), "VIP", IF(AND(I11<=60, D11>=5, E11>=100), "Loyal", IF(AND(I11<=90, D11>=3), "Regular", IF(I11<=30, "Recent", IF(D11>=3, "Occasional", "At Risk")))))} -> At Risk | K11: {=IF(OR(J11="VIP", J11="Loyal"), "HIGH",IF(OR(J11="Regular", J11="Recent"), "MEDIUM","LOW"))} -> LOW
A12: ANON-0000-0000-0011 | B12: =_xlfn.MINIFS('working sheet'!$B$2:$B$3548, 'working sheet'!$D$2:$D$3548, A12) -> 45353.446 | C12: =_xlfn.MAXIFS('working sheet'!$B$1:$B$3548,'working sheet'!$D$1:$D$3548,'Customer Portfolio'!A12) -> 45353.446 | D12: =COUNTIFS('working sheet'!$D$1:$D$3548,'Customer Portfolio'!A12) -> 1 | E12: =SUMIFS('working sheet'!$E$2:$E$3548,'working sheet'!$D$2:$D$3548,'Customer Portfolio'!A12) -> 33.8 | F12: =E12/D12 -> 33.8 | G12: {=IFERROR(INDEX('working sheet'!$F$2:$F$3548, MODE(IF('working sheet'!$D$2:$D$3548=A12, MATCH('working sheet'!$F$2:$F$3548, 'working sheet'!$F$2:$F$3548, 0)))), INDEX('working sheet'!$F$2:$F$3548, MATCH(A12, 'working sheet'!$D$2:$D$3548, 0)))} -> Americano with Milk | H12: =C12-B12+1 -> 1 | I12: =MAX('working sheet'!$B$2:$B$3548)-C12 -> 386.31247 | J12: {=IF(AND(I12<=30, D12>=10, E12>=200), "VIP", IF(AND(I12<=60, D12>=5, E12>=100), "Loyal", IF(AND(I12<=90, D12>=3), "Regular", IF(I12<=30, "Recent", IF(D12>=3, "Occasional", "At Risk")))))} -> At Risk | K12: {=IF(OR(J12="VIP", J12="Loyal"), "HIGH",IF(OR(J12="Regular", J12="Recent"), "MEDIUM","LOW"))} -> LOW
A13: ANON-0000-0000-0012 | B13: =_xlfn.MINIFS('working sheet'!$B$2:$B$3548, 'working sheet'!$D$2:$D$3548, A13) -> 45353.5 | C13: =_xlfn.MAXIFS('working sheet'!$B$1:$B$3548,'working sheet'!$D$1:$D$3548,'Customer Portfolio'!A13) -> 45677.354 | D13: =COUNTIFS('working sheet'!$D$1:$D$3548,'Customer Portfolio'!A13) -> 129 | E13: =SUMIFS('working sheet'!$E$2:$E$3548,'working sheet'!$D$2:$D$3548,'Customer Portfolio'!A13) -> 3785.92 | F13: =E13/D13 -> 29.348217 | G13: {=IFERROR(INDEX('working sheet'!$F$2:$F$3548, MODE(IF('working sheet'!$D$2:$D$3548=A13, MATCH('working sheet'!$F$2:$F$3548, 'working sheet'!$F$2:$F$3548, 0)))), INDEX('working sheet'!$F$2:$F$3548, MATCH(A13, 'working sheet'!$D$2:$D$3548, 0)))} -> Americano | H13: =C13-B13+1 -> 324.8542 | I13: =MAX('working sheet'!$B$2:$B$3548)-C13 -> 62.404059 | J13: {=IF(AND(I13<=30, D13>=10, E13>=200), "VIP", IF(AND(I13<=60, D13>=5, E13>=100), "Loyal", IF(AND(I13<=90, D13>=3), "Regular", IF(I13<=30, "Recent", IF(D13>=3, "Occasional", "At Risk")))))} -> Regular | K13: {=IF(OR(J13="VIP", J13="Loyal"), "HIGH",IF(OR(J13="Regular", J13="Recent"), "MEDIUM","LOW"))} -> MEDIUM
... A1317: ANON-0000-0000-1316 | B1317: =_xlfn.MINIFS('working sheet'!$B$2:$B$3548, 'working sheet'!$D$2:$D$3548, A1317) -> 45739.658 | C1317: =_xlfn.MAXIFS('working sheet'!$B$1:$B$3548,'working sheet'!$D$1:$D$3548,'Customer Portfolio'!A1317) -> 45739.658 | D1317: =COUNTIFS('working sheet'!$D$1:$D$3548,'Customer Portfolio'!A1317) -> 1 | E1317: =SUMIFS('working sheet'!$E$2:$E$3548,'working sheet'!$D$2:$D$3548,'Customer Portfolio'!A1317) -> 25.96 | F1317: =E1317/D1317 -> 25.96 | G1317: {=IFERROR(INDEX('working sheet'!$F$2:$F$3548, MODE(IF('working sheet'!$D$2:$D$3548=A1317, MATCH('working sheet'!$F$2:$F$3548, 'working sheet'!$F$2:$F$3548, 0)))), INDEX('working sheet'!$F$2:$F$3548, MATCH(A1317, 'working sheet'!$D$2:$D$3548, 0)))} -> Americano | H1317: =C1317-B1317+1 -> 1 | I1317: =MAX('working sheet'!$B$2:$B$3548)-C1317 -> 0.10011472 | J1317: {=IF(AND(I1317<=30, D1317>=10, E1317>=200), "VIP", IF(AND(I1317<=60, D1317>=5, E1317>=100), "Loyal", IF(AND(I1317<=90, D1317>=3), "Regular", IF(I1317<=30, "Recent", IF(D1317>=3, "Occasional", "At Risk")))))} -> Recent | K1317: {=IF(OR(J1317="VIP", J1317="Loyal"), "HIGH",IF(OR(J1317="Regular", J1317="Recent"), "MEDIUM","LOW"))} -> MEDIUM

Sheet Dashboard
B15: Total Customers
B17: =COUNTA('Customer Portfolio'!A:A)-1 -> 1316
B19: Total Revenue
B21: =SUM(Table1[[#All],[Avg Spend/Visit]]) -> 41995.69
B23: Avg Spent
B25: =AVERAGE(Table1[[#All],[Avg Spend/Visit]]) -> 31.911618

Sheet Customer Analysis
A3: Count of Customer ID | B3: Column Labels
A4: Row Labels | B4: Americano | C4: Americano with Milk | D4: Cappuccino | E4: Cocoa | F4: Cortado | G4: Espresso | H4: Hot Chocolate | I4: Latte | J4: Grand Total
A5: At Risk | B5: 145 | C5: 208 | D5: 153 | E5: 57 | F5: 63 | G5: 47 | H5: 87 | I5: 229 | J5: 989
A6: Loyal | B6: 4 | C6: 9 | D6: 2 | E6: 5 | F6: 2 | G6: 1 | H6: 1 | I6: 2 | J6: 26
A7: Occasional | B7: 16 | C7: 40 | D7: 21 | E7: 4 | F7: 5 | G7: 4 | H7: 14 | I7: 43 | J7: 147
A8: Recent | B8: 15 | C8: 15 | D8: 9 | E8: 10 | F8: 3 | G8: 5 | H8: 6 | I8: 13 | J8: 76
A9: Regular | B9: 9 | C9: 14 | D9: 7 | E9: 5 | F9: 3 | G9: 3 | H9: 5 | I9: 14 | J9: 60
A10: VIP | B10: 6 | C10: 4 | D10: 3 | E10: 1 | H10: 1 | I10: 3 | J10: 18
A11: Grand Total | B11: 195 | C11: 290 | D11: 195 | E11: 82 | F11: 76 | G11: 60 | H11: 114 | I11: 304 | J11: 1316
A14: Row Labels | B14: Average of Avg Spend/Visit
A15: Recent | B15: 31.4725
A16: VIP | B16: 31.512647
A17: Loyal | B17: 31.72997
A18: Regular | B18: 31.845704
A19: At Risk | B19: 31.879141
A20: Occasional | B20: 32.465038
A21: Grand Total | B21: 31.911618
A25: Sum of Total Visits | B25: Column Labels
A26: Row Labels | B26: Americano | C26: Americano with Milk | D26: Cappuccino | E26: Cocoa | F26: Cortado | G26: Espresso | H26: Hot Chocolate | I26: Latte | J26: Grand Total
A27: At Risk | B27: 184 | C27: 256 | D27: 185 | E27: 74 | F27: 91 | G27: 56 | H27: 117 | I27: 289 | J27: 1252
A28: Loyal | B28: 33 | C28: 141 | D28: 12 | E28: 38 | F28: 119 | G28: 7 | H28: 7 | I28: 15 | J28: 372
A29: Occasional | B29: 121 | C29: 254 | D29: 99 | E29: 14 | F29: 36 | G29: 15 | H29: 68 | I29: 291 | J29: 898
A30: Recent | B30: 19 | C30: 21 | D30: 10 | E30: 15 | F30: 4 | G30: 6 | H30: 10 | I30: 22 | J30: 107
A31: Regular | B31: 166 | C31: 110 | D31: 53 | E31: 22 | F31: 23 | G31: 10 | H31: 16 | I31: 94 | J31: 494
A32: VIP | B32: 198 | C32: 42 | D32: 53 | E32: 12 | H32: 20 | I32: 99 | J32: 424
A33: Grand Total | B33: 721 | C33: 824 | D33: 412 | E33: 175 | F33: 273 | G33: 94 | H33: 238 | I33: 810 | J33: 3547
A36: Row Labels | B36: Sum of Total Visits
A37: At Risk | B37: 1252
A38: Occasional | B38: 898
A39: Regular | B39: 494
A40: VIP | B40: 424
A41: Loyal | B41: 372
A42: Recent | B42: 107
A43: Grand Total | B43: 3547

Sheet Product Analysis
A1: Favorite Product | B1: Segment | C1: Sum of Total Spent
A2: Espresso | C2: 2104.1
A3: Cocoa | C3: 6139.42
A4: Cortado | C4: 7276.22
A5: Hot Chocolate | C5: 8431.5
A6: Cappuccino | C6: 14573.38
A7: Americano | C7: 19997.04
A8: Americano with Milk | C8: 25365.92
A9: Latte | C9: 28358
A13: Count of Customer ID | B13: Column Labels
A14: Row Labels | B14: Americano | C14: Americano with Milk | D14: Cappuccino | E14: Cocoa | F14: Cortado | G14: Espresso | H14: Hot Chocolate | I14: Latte | J14: Grand Total
A15: At Risk | B15: 0.74358974 | C15: 0.71724138 | D15: 0.78461538 | E15: 0.69512195 | F15: 0.82894737 | G15: 0.78333333 | H15: 0.76315789 | I15: 0.75328947 | J15: 0.75151976
A16: Loyal | B16: 0.020512821 | C16: 0.031034483 | D16: 0.01025641 | E16: 0.06097561 | F16: 0.026315789 | G16: 0.016666667 | H16: 0.0087719298 | I16: 0.0065789474 | J16: 0.019756839
A17: Occasional | B17: 0.082051282 | C17: 0.13793103 | D17: 0.10769231 | E17: 0.048780488 | F17: 0.065789474 | G17: 0.066666667 | H17: 0.12280702 | I17: 0.14144737 | J17: 0.11170213
A18: Recent | B18: 0.076923077 | C18: 0.051724138 | D18: 0.046153846 | E18: 0.12195122 | F18: 0.039473684 | G18: 0.083333333 | H18: 0.052631579 | I18: 0.042763158 | J18: 0.05775076
A19: Regular | B19: 0.046153846 | C19: 0.048275862 | D19: 0.035897436 | E19: 0.06097561 | F19: 0.039473684 | G19: 0.05 | H19: 0.043859649 | I19: 0.046052632 | J19: 0.045592705
A20: VIP | B20: 0.030769231 | C20: 0.013793103 | D20: 0.015384615 | E20: 0.012195122 | F20: 0 | G20: 0 | H20: 0.0087719298 | I20: 0.0098684211 | J20: 0.013677812
A21: Grand Total | B21: 1 | C21: 1 | D21: 1 | E21: 1 | F21: 1 | G21: 1 | H21: 1 | I21: 1 | J21: 1

Sheet Pivot Timeline
A3: Row Labels | B3: Count of Customer ID | C3: Sum of Total Spent
A4: 2024 | B4: 1066 | C4: 86415.14
A5: Mar | B5: 89 | C5: 16024.4
A6: Apr | B6: 53 | C6: 7670.34
A7: May | B7: 108 | C7: 8967.32
A8: Jun | B8: 87 | C8: 8403.34
A9: Jul | B9: 109 | C9: 6931.12
A10: Aug | B10: 111 | C10: 8264.08
A11: Sep | B11: 138 | C11: 9600.44
A12: Oct | B12: 149 | C12: 9058.34
A13: Nov | B13: 113 | C13: 6112.88
A14: Dec | B14: 109 | C14: 5382.88
A15: 2025 | B15: 250 | C15: 25830.44
... A19: Grand Total | B19: 1316 | C19: 112245.58
